<table name="stats_log">
    <column name="id" type="number" size="11" notnull="notnull" primary_key="primary_key" auto_increment="auto_increment" />
    <column name="site_srl" type="number" size="11" unique="idx_stats_log" />
	<column name="module_srl" type="number" size="11" unique="idx_stats_log" />
	<column name="document_srl" type="number" size="11" unique="idx_stats_log" />
    <column name="user_session_id" type="varchar" size="32" unique="idx_stats_log" />
	<column name="user_agent" type="varchar" size="250" />
    <column name="user_ip_address" type="varchar" size="15" />
    <column name="user_referer" type="varchar" size="250" />
    <column name="user_now" type="varchar" size="250" />
    <column name="is_bot" type="number" size="1" default="0" />
    <column name="is_mobile" type="number" size="1" default="0" />
    <column name="insert_time" type="date" unique="idx_stats_log" />
</table>