<query id="getRefererRankingDetail" action="select">
	<tables>
		<table name="referer_log" />
	</tables>
	<columns>
		<column name="url" />
		<column name="sum(count)" alias="cnt" />
	</columns>
	<conditions>
		<condition operation="equal" column="host" var="host" />
	</conditions>
	<navigation>
		<index var="sort_index" default="cnt" order="desc" />
		<list_count var="list_count" default="20" />
		<page_count var="page_count" default="10" />
		<page var="page" default="1" />
	</navigation>
	<groups> 
		<group column="url" /> 
	</groups>
</query>
