<query id="getRefererLogListRemote" action="select">
	<tables>
		<table name="referer_log" />
	</tables>
	<columns>
		<column name="*" />
	</columns>
	<conditions>
		<condition operation="equal" column="remote" var="remote" default="default" notnull="notnull" />
	</conditions>
	<navigation>
		<index var="sort_index" default="regdate" order="desc" />
		<list_count var="list_count" default="20" />
		<page_count var="page_count" default="10" />
		<page var="page" default="1" />
	</navigation>
</query>
