<query id="getRefererLogListPage" action="select">
	<tables>
		<table name="referer_log" />
	</tables>
	<columns>
		<column name="*" />
	</columns>
	<conditions>
		<condition operation="equal" column="ref_document_srl" var="ref_document_srl" />
		<group pipe="or">
			<condition operation="equal" column="ref_mid" var="ref_mid" />
			<condition operation="equal" column="ref_document_srl" var="ref_document_srl" pipe="and" />
		</group>
	</conditions>
	<navigation>
		<index var="sort_index" default="regdate" order="desc" />
		<list_count var="list_count" default="20" />
		<page_count var="page_count" default="10" />
		<page var="page" default="1" />
	</navigation>
</query>
