<query id="getUserRanking" action="select">
	<tables>
		<table name="referer_user_statistics" />
	</tables>
	<columns>
		<column name="member_srl" />
		<column name="count" alias="cnt" />
	</columns>
	<conditions>
		<condition operation="equal" column="member_srl" var="search_keyword" />
	</conditions>
	<navigation>
		<index var="sort_index" default="cnt" order="desc" />
		<list_count var="list_count" default="20" />
		<page_count var="page_count" default="10" />
		<page var="page" default="1" />
	</navigation>
</query>
