<query id="updateRefererLog" action="update">
	<tables>
		<table name="referer_log" />
	</tables>
	<columns>
		<column name="regdate_last" var="regdate_last" default="curdate()" notnull="notnull"/>
		<column name="request_uri" var="request_uri"/>
		<column name="count"   var="count"   default="plus(1)" />
	</columns>
	<conditions>
		<condition operation="equal" column="remote" var="remote" />
		<condition operation="equal" column="url" var="url" pipe="and" />
		<condition operation="equal" column="uagent" var="uagent" notnull="notnull" pipe="and" />
		<condition operation="equal" column="member_srl" var="member_srl" pipe="and" />
		<condition operation="equal" column="regdate" var="regdate" filter="number" notnull="notnull" pipe="and" />
	</conditions>
</query>
