<?xml version="1.0" encoding="UTF-8"?>
<ruleset version="1.5.0">
	<customrules>
		<rule name="maps_srl" type="regex" test="/^[0-9A-Z]+$/" />
		<rule name="positions" type="regex" test="/^[0-9\-\,\.\;]+$/" />
		<rule name="one_point" type="regex" test="/^(\-?[0-9\.]+)\,(\-?[0-9\.]+)$/" />
	</customrules>
	<fields>
		<field name="maps_srl" required="true" rule="maps_srl" />
		<field name="map_center" required="true" rule="one_point" />
		<field name="map_markers" required="false" rule="positions" />
		<field name="map_zoom" required="true" rule="number" />
	</fields>
</ruleset>