<query id="getDocumentSrlByStatus" action="select">
	<tables>
		<table name="documents" />
	</tables>
	<columns>
		<column name="document_srl" />
	</columns>
	<conditions>
		<condition operation="equal" column="status" var="status" notnull="notnull" />
		<condition operation="notin" column="module_srl" var="except_module_srl" filter="number" pipe="and" />
	</conditions>
	<navigation>
		<index var="list_order" default="list_order" order="asc" />
		<list_count var="list_count" default="20" />
		<page_count var="page_count" default="10" />
		<page var="page" default="1" />
	</navigation>
</query>
