Googlebot,Google (google.com)
Google favicon,Google (google.com)
bing,Bing (bing.com)
msnbot,Bing (bing.com)
daumoa,Daum (daum.net)
naverbot,Naver (naver.com)
yeti,Naver (naver.com)
zumbot,Zum (zum.com)
slurp,Yahoo! (yahoo.com)
yahoo,Yahoo! (yahoo.com)
ips-agent,VeriSign (verisigninc.com)
siteexplorer,siteexplorer.info
EasouSpider,easou.com
Sogou,sogou.com
YandexBot,yandex.com
Aboundex,aboundex.com
inboundscore,inboundscore.com
Teoma,Ask.com
recruitingpoint,recruitingpoint.com
NetcraftSurveyAgent,netcraft.com
LinkpadBot,linkpad.ru
Exabot,exabot.com
linkdex,linkdex.com
baidu,baidu.com
TweetmemeBot,datasift.com
Nutch,nutch.apache.org
MegaIndex.ru,MegaIndex.ru
lipperhey,lipperhey.com
search.thunderstone.com,Thunderstone.com
izsearch.com,izsearch.com
panscient.com,panscient.com
MSIE or Firefox mutant; not on Windows server;,Unknown(MSIE Mutant)
MSIE or Firefox mutant;) Daum,Daum (daum.net)
compatible; crw,axido.com (hetzner.de)
CATExplorador,domini.cat (fundacio.cat)
rv:1.9.0.10,Unkown(Old Firefox)
Stratagems Kumo,Stratagems Kumo
Orbiter,Orbiter(dailyorbit.com)
dailyorbit.com,Orbiter(dailyorbit.com)
lr_http_client,DDoS via Facebook
dataprovider,dataprovider.com
servernfo,servernfo.com
Netcraft,netcraft.com
wbsrch,wbsrch.com