<query id="getLoginlogListWithinMember" action="select">
	<tables>
		<table name="member_loginlog" alias="loginlog" />
		<table name="member" alias="member" type="left join">
			<conditions>
				<condition operation="equal" column="member.member_srl" default="loginlog.member_srl" />
			</conditions>
		</table>
	</tables>
	<columns>
		<column name="member.*" />
		<column name="loginlog.*" />
	</columns>
	<conditions>
		<condition operation="equal" column="loginlog.member_srl" var="member_srl" filter="number" pipe="and" />
		<condition operation="in" column="loginlog.log_srl" var="s_log_srl" pipe="and" />
		<condition operation="like_prefix" column="loginlog.ipaddress" var="s_ipaddress" pipe="and" />
		<condition operation="more" column="loginlog.regdate" var="daterange_start" pipe="and" />
		<condition operation="less" column="loginlog.regdate" var="daterange_end" pipe="and" />
		<condition operation="like" column="loginlog.platform" var="s_platform" pipe="and" />
		<condition operation="like" column="loginlog.browser" var="s_browser" pipe="and" />
		<condition operation="like" column="loginlog.is_succeed" var="isSucceed" pipe="and" />
		<condition operation="like" column="member.user_id" var="s_user_id" pipe="and" />
		<condition operation="like" column="member.user_name" var="s_user_name" pipe="and" />
		<condition operation="like" column="member.nick_name" var="s_nick_name" pipe="and" />
		<condition operation="equal" column="member.is_admin" var="is_admin" pipe="and" />
	</conditions>
	<navigation>
		<index var="sort_index" default="loginlog.regdate" order="order_type" />
		<list_count var="list_count" default="20" />
		<page_count var="page_count" default="10" />
		<page var="page" default="1" />
	</navigation>
</query>