<?xml version="1.0" encoding="UTF-8"?>
<addon version="0.2">
    <title xml:lang="ko">Bot Challenge Anti Spam</title>
    <description xml:lang="ko">
        이용자에게 불편함을 주는 CAPTCHA 없이 간편하게 악성 스팸봇을 차단합니다.
        Javascript를 이용하여 해당 접속자가 악성 스팸봇인지 확인합니다.
    </description>
    <version>1.0.5</version>
    <date>2013-05-02</date>
    <author email_address="thename@requery.me" link="http://github.com/ajkj/xe-bot_challenge_addon">
        <name xml:lang="ko">ajkj</name>
    </author>
    <extra_vars>
        <var name="site_secret">
            <title xml:lang="ko">사이트 key</title>
            <description xml:lang="ko">HMAC의 key로 관리되는 값입니다. 변경되어도 무방하며, 한글, 영문, 숫자를 섞어 10~20자를 입력하세요.(특수문자는 사용하지 말아주세요.) 잘 모르시겠나요? 그러면 그냥 사이트 이름을 영문만 으로 입력하세요 ex) xpressengine </description>
        </var>
        <var name="contribute" type="select">
            <title xml:lang="ko">RUM 측정</title>
            <description xml:lang="ko">jsdelivr RUM을 이용하며, 본 애드온에서 사용하는 CryptoJS Library 및 기타 웹폰트/JS/CSS 가 빠르고 안정적으로 로딩되도록 도와줍니다. 상세정보 : http://bit.ly/1DPMX4K </description>
            <options value="Y">
                <title xml:lang="ko">이용</title>
            </options>
            <options value="N">
                <title xml:lang="ko">이용하지 않음</title>
            </options>
        </var>
    </extra_vars>
</addon>
