<query id="getBoardMemberList" action="select">
    <tables>
        <table name="ggmailing_boards" />
    </tables>
    <columns>
        <column name="*" />
    </columns>   
    <conditions>
		<condition operation="like" column="ggmailing_mid" var="ggmailing_mid" />
		<condition operation="like" column="ggmailing_email" var="ggmailing_email" pipe="and" />
    </conditions>
    <navigation>
        <index var="sort_index" default="ggmailing_board_srl" order="desc" />
        <list_count var="list_count" default="20" />
        <page_count var="page_count" default="10" />
        <page var="page" default="1" />
    </navigation>
</query>
