<?xml version="1.0" encoding="UTF-8"?>
<module version="0.2">
    <title xml:lang="ko">리퍼러 통계</title>
    <title xml:lang="en">Referer Statistics</title>
    <title xml:lang="jp">リファラー統計</title>
    <title xml:lang="zh-CN">反向链接</title>
    <title xml:lang="zh-TW">反向連結統計</title>
    <title xml:lang="fr">Statistiques Referer</title>
    <title xml:lang="ru">Статистика рефералов</title>
    <title xml:lang="es">Estadísticas de Referer</title>
    <title xml:lang="tr">Referans İstatistik</title>
    <title xml:lang="vi">Referer Thống kê</title>
    <description xml:lang="ko">기본 리퍼러 통계 프로그램입니다. 원작 : haneul (http://seungyeop.kr)</description>
    <description xml:lang="en">Basic referer statistics program.</description>
    <description xml:lang="jp">デフォルトのリファラー統計プログラムです。</description>
    <description xml:lang="zh-CN">反向链接统计模块。</description>
    <description xml:lang="zh-TW">反向連結統計模組。</description>
    <description xml:lang="fr">Basic referer programme de statistiques.</description>
    <description xml:lang="ru">Базовая программа статистики рефералов.</description>
    <description xml:lang="es">Basic referer programa de estadísticas.</description>
    <description xml:lang="tr">Temel referer istatistik programı.</description>
    <description xml:lang="vi">Cơ bản chương trình thống kê referer.</description>
    <version>3.9.4</version>
    <date>2016-07-23</date>
    <category>statistics</category>
    
    <author email_address="kndol@kndol.net" link="http://www.kndol.net/">
        <name xml:lang="ko">큰돌</name>
        <name xml:lang="en">KnDol</name>
        <name xml:lang="jp">KnDol</name>
        <name xml:lang="zn-CN">KnDol</name>
        <name xml:lang="zn-TW">KnDol</name>
        <name xml:lang="fr">KnDol</name>
        <name xml:lang="ru">KnDol</name>
        <name xml:lang="es">KnDol</name>
        <name xml:lang="tr">KnDol</name>
        <name xml:lang="vi">KnDol</name>
    </author>

    <author email_address="wincomi@me.com" link="http://www.wincomi.com">
        <name xml:lang="ko">윈컴이</name>
        <name xml:lang="en">Wincomi</name>
        <name xml:lang="jp">Wincomi</name>
        <name xml:lang="zh-CN">Wincomi</name>
        <name xml:lang="zh-TW">Wincomi</name>
        <name xml:lang="fr">Wincomi</name>
        <name xml:lang="ru">Wincomi</name>
        <name xml:lang="es">Wincomi</name>
        <name xml:lang="tr">Wincomi</name>
        <name xml:lang="vi">Wincomi</name>
    </author>
</module>
