<?xml version="1.0" encoding="utf-8"?>
<ruleset version="1.5.0">
	<customrules>
	</customrules>
	<fields>
		<field name="document_srl" required="true" rule="number" />
		<field name="parent_srl" rule="number" />
		<field name="comment_srl" rule="number" />
		<field name="content" required="true" />
		<field name="nick_name" required="true" length=":80" />
		<field name="password" required="true" />
		<field name="email_address" length=":250" rule="email" />
		<field name="homepage" length=":250" rule="url" />
	</fields>
</ruleset>