<?xml version="1.0" encoding="UTF-8"?>
<module version="0.2">
	<title xml:lang="ko">게시판 DX</title>
	<title xml:lang="en">Board DX</title>
	<title xml:lang="jp">Board DX</title>

	<description xml:lang="ko">
		이 모듈은 통합 게시판 모듈입니다.
		각종 스타일의 게시판을 쉽게 사용할 수 있습니다.
	</description>
	<description xml:lang="jp">
		このモジュールは統合掲示板モジュールです.
		各種スタイルの掲示板を易しく使うことができます.
	</description>
	<description xml:lang="en">
		This module is the integrated Board.
		Anyone easily can use various styles bulletin board.
	</description>

	<license xml:lang="ko">게시판 DX는 개인,기업 누구나 사용가능합니다.</license>
	<license xml:lang="jp">掲示板 DXは個人,企業誰も使用可能です.</license>
	<license xml:lang="en">Board DX is an individual, business, everyone is available.</license>

	<!-- This module was created in 2011-10-01. -->
	<version>2.8.3</version>
	<date>2015-07-13</date>
	<category>package</category>

	<author email_address="xe.phidel@gmail.com" link="https://github.com/phiDelbak/Board-DX-for-XE">
		<name xml:lang="ko">phiDel</name>
		<name xml:lang="jp">phiDel</name>
		<name xml:lang="en">phiDel</name>
	</author>
</module>