<?xml version="1.0" encoding="utf-8"?>
<module>
	<!-- root, manager, member, guest -->
	<grants>
		<grant name="list" default="guest">
			<title xml:lang="ko">목록</title>
			<title xml:lang="zh-CN">目录</title>
			<title xml:lang="jp">リスト</title>
			<title xml:lang="en">list</title>
			<title xml:lang="vi">Danh sách</title>
			<title xml:lang="es">Lista</title>
			<title xml:lang="zh-TW">列表</title>
			<title xml:lang="tr">Liste</title>
		</grant>
		<grant name="view" default="guest">
			<title xml:lang="ko">열람</title>
			<title xml:lang="zh-CN">查看</title>
			<title xml:lang="jp">閲覧</title>
			<title xml:lang="en">view</title>
			<title xml:lang="vi">Xem</title>
			<title xml:lang="es">Opinión</title>
			<title xml:lang="zh-TW">檢視</title>
			<title xml:lang="tr">görüş</title>
		</grant>
		<grant name="write_document" default="guest">
			<title xml:lang="ko">글 작성</title>
			<title xml:lang="zh-CN">发表新主题</title>
			<title xml:lang="jp">書き込み作成</title>
			<title xml:lang="en">write document</title>
			<title xml:lang="vi">Gửi bài viết</title>
			<title xml:lang="es">Escribir el documento</title>
			<title xml:lang="zh-TW">發表主題</title>
			<title xml:lang="tr">belge yaz</title>
		</grant>
		<grant name="write_comment" default="guest">
			<title xml:lang="ko">댓글 작성</title>
			<title xml:lang="zh-CN">发表评论</title>
			<title xml:lang="jp">コメント作成</title>
			<title xml:lang="en">write comment</title>
			<title xml:lang="vi">Gửi bình luận</title>
			<title xml:lang="es">Escribir comentario</title>
			<title xml:lang="zh-TW">發表評論</title>
			<title xml:lang="es">yorum yaz</title>
		</grant>
	</grants>
	<permissions>
		<permission action="dispBeluxeAdminList" target="root" />
		<permission action="dispBeluxeAdminInsert" target="root" />
		<permission action="getBeluxeAdminSkinTypes" target="root" />

		<permission action="procBeluxeAdminInsert" target="root" />
		<permission action="procBeluxeAdminDelete" target="root" />

		<permission action="dispBeluxeAdminSkinInfo" target="manager" />

		<permission action="procBeluxeDeleteTrackback" target="manager" />
		<permission action="procBeluxeChangeCustomStatus" target="manager" />
	</permissions>
	<actions>
		<action name="dispBeluxeAdminList" type="view" />
		<action name="dispBeluxeAdminInsert" type="view" />
		<action name="getBeluxeAdminSkinTypes" type="model" />

		<action name="procBeluxeAdminInsert" type="controller" ruleset="insertBeluxe" />
		<action name="procBeluxeAdminDelete" type="controller" />

		<action name="dispBeluxeAdminContent" type="view" admin_index="true" />
		<action name="dispBeluxeAdminModuleInfo" type="view" />
		<action name="dispBeluxeAdminGrantInfo" type="view" />
		<action name="dispBeluxeAdminColumnInfo" type="view" />
		<action name="dispBeluxeAdminCategoryInfo" type="view" />
		<action name="dispBeluxeAdminExtraKeys" type="view" />
		<action name="dispBeluxeAdminAdditionSetting" type="view" />
		<action name="dispBeluxeAdminSkinInfo" type="view" setup_index="true" />
		<action name="dispBeluxeAdminMobileSkinInfo" type="view" />

		<action name="procBeluxeAdminColumnSetting" type="controller" />
		<action name="procBeluxeAdminUpdateSkinInfo" type="controller" />

		<action name="procBeluxeAdminInsertExtraKey" type="controller" />
		<action name="procBeluxeAdminDeleteExtraKey" type="controller" />
		<action name="procBeluxeAdminInsertCategory" type="controller" />
		<action name="procBeluxeAdminDeleteCategory" type="controller" />

		<action name="procBeluxeAdminMakeCategoryCache" type="controller" />
		<action name="procBeluxeAdminMakeColumnCache" type="controller" />

		<action name="procBeluxeInsertFileLink" type="controller" />
		<action name="procBeluxeDeleteHistory" type="controller" />
		<action name="procBeluxeDeleteTrackback" type="controller" grant="manager" />
		<action name="procBeluxeChangeCustomStatus" type="controller" grant="manager" />

		<action name="procBeluxePayPoint" type="controller" />
		<action name="procBeluxeRecoverPoint" type="controller" />
		<action name="procBeluxeAdoptComment" type="controller" />
		<action name="procBeluxeUpdatePageContent" type="controller" />

		<action name="getBeluxeMobileCommentPage" type="mobile" />
		<action name="getBeluxeTemplateFile" type="model" />

		<!-- 에드온,위젯들과 호환되려면 Board 이름을 빌려야해서 부득이하게...  -->

		<action name="procBoardVerificationPassword" type="controller" ruleset="checkPassword" />
		<action name="procBoardInsertDocument" type="controller" ruleset="insertDocument" />
		<action name="procBoardInsertComment" type="controller" ruleset="insertComment" />
		<action name="procBoardDeleteDocument" type="controller" ruleset="deleteDocument" />
		<action name="procBoardDeleteComment" type="controller" ruleset="deleteComment" />

		<action name="dispBoardContent" type="view" index="true" />
		<action name="dispBoardWrite" type="view" />
		<action name="dispBoardDelete" type="view" />
		<action name="dispBoardWriteComment" type="view" />
		<action name="dispBoardDeleteComment" type="view" />
		<action name="dispBoardTagList" type="view" />
		<action name="dispBoardHistory" type="view" />
		<action name="dispBoardContentCommentList" type="view" />
	</actions>
</module>
