<table name="ggmailing_boards">
  <column name="ggmailing_board_srl" type="number" size="11" notnull="notnull" auto_increment="auto_increment" primary_key="primary_key" />
  <column name="ggmailing_member_srl" type="number" size="11" />
  <column name="ggmailing_nickname" type="varchar" size="100"  />
  <column name="ggmailing_email" type="varchar" size="100" />
  <column name="ggmailing_member_regdate" type="number" size="14" />
  <column name="ggmailing_module_srl" type="number" size="11" />
  <column name="ggmailing_mid" type="varchar" size="100" />
  <column name="ggmailing_document_srl" type="number" size="11" />
  <column name="ggmailing_comment_srl" type="number" size="11" />
  <column name="regdate" type="date" notnull="notnull" />
</table>