<query id="getBestCommentList" action="select">
	<tables>
		<table name="comments" />
	</tables>
	<conditions>
		<condition operation="equal" column="document_srl" var="document_srl" filter="number" />
		<condition operation="more" column="regdate" var="start_date" pipe="and" />
		<condition operation="more" column="voted_count" var="s_voted_count" pipe="and" />
		<condition operation="more" column="voted_count" var="comments.blamed_count" pipe="and" />
	</conditions>
	<navigation>
		<index var="sort_index" default="list_order" order="order_type" />
		<list_count var="list_count" default="20" />
	</navigation>
</query>