<query id="getBeluxeList" action="select">
	<tables>
		<table name="modules" />
	</tables>
	<conditions>
		<condition operation="equal" column="module" default="beluxe" />
		<group pipe="and">
			<condition operation="like" column="mid" var="s_mid" pipe="or" />
			<condition operation="like" column="browser_title" var="s_browser_title" pipe="or" />
			<condition operation="like" column="comment" var="s_comment" pipe="or" />
			<condition operation="equal" column="module" var="s_module" pipe="or" />
			<condition operation="equal" column="module_category_srl" var="s_module_category_srl" pipe="or" />
		</group>
	</conditions>
	<navigation>
		<index var="sort_index" default="module_srl" order="desc" />
		<list_count var="list_count" default="20" />
		<page_count var="page_count" default="10" />
		<page var="page" default="1" />
	</navigation>
</query>