<query id="getDocumentSrlsByAdopt" action="select">
	<tables>
		<table name="documents" />
	</tables>
	<columns>
		<column name="document_srl" />
	</columns>
	<conditions>
		<condition operation="equal" column="module_srl" var="module_srl" filter="number" notnull="notnull" />
		<condition operation="like" column="extra_vars" var="extra_vars" notnull="notnull" pipe="and" />
        <group pipe="and">
			<condition operation="like" column="extra_vars" var="like_vars" pipe="and" />
			<condition operation="notlike" column="extra_vars" var="notlike_vars" pipe="and" />
        </group>
	</conditions>
	<navigation>
		<index var="sort_index" default="list_order" order="asc" />
		<list_count var="list_count" default="20" />
		<page_count var="page_count" default="10" />
		<page var="page" default="1" />
	</navigation>
</query>
