<query id="getDocumentSrlsByComment" action="select">
    <tables>
        <table name="documents" alias="documents" />
        <table name="comments" alias="comments" type="left join" >
			<conditions>
				<condition operation="equal" column="documents.document_srl" var="comments.document_srl" filter="number" notnull="notnull" />
			</conditions>
        </table>
    </tables>
	<conditions>
		<condition operation="equal" column="comments.module_srl" var="module_srl" filter="number" notnull="notnull" />
        <group pipe="and">
			<condition operation="equal" column="comments.member_srl" var="member_srl" filter="number" pipe="and" />
			<condition operation="more" column="comments.voted_count" var="voted_count" pipe="and" />
			<condition operation="more" column="comments.blamed_count" var="blamed_count" pipe="and" />
			<condition operation="like_prefix" column="comments.ipaddress" var="ipaddress" pipe="and" />
        </group>
	</conditions>
	<columns>
        <column name="distinct documents.document_srl" />
	</columns>
	<navigation>
		<index var="sort_index" default="documents.list_order" order="asc" />
		<list_count var="list_count" default="20" />
		<page_count var="page_count" default="10" />
		<page var="page" default="1" />
	</navigation>
</query>
