<query id="getDocumentVotedLogCount" action="select">
	<tables>
		<table name="document_voted_log" />
	</tables>
	<columns>
		<column name="count(*)" alias="count" />
	</columns>
	<conditions>
		<condition operation="equal" column="document_srl" var="document_srl" filter="number" notnull="notnull" />
		<condition operation="more" column="point" var="more_point" filter="number" pipe="and" />
		<condition operation="less" column="point" var="less_point" filter="number" pipe="and" />
	</conditions>
</query>