<query id="getReadedCount" action="select">
	<tables>
		<table name="document_readed_log" />
	</tables>
	<columns>
		<column name="count(*)" alias="count" />
	</columns>
	<conditions>
		<condition operation="equal" column="document_srl" var="document_srl" filter="number" notnull="notnull" />
		<condition operation="equal" column="member_srl" var="member_srl" filter="number" pipe="and" />
		<condition operation="like_prefix" column="ipaddress" var="ipaddress" pipe="and" />
	</conditions>
</query>