<?xml version='1.0' encoding='UTF-8'?>
<!--
일본어 번역: 감로수
영어 번역: 썬
-->
<lang>
	<item name="cmd_all_list">
		<value xml:lang="ko"><![CDATA[전체]]></value>
		<value xml:lang="jp"><![CDATA[全体]]></value>
		<value xml:lang="en"><![CDATA[All]]></value>
	</item>
	<item name="cmd_agree">
		<value xml:lang="ko"><![CDATA[찬성]]></value>
		<value xml:lang="jp"><![CDATA[賛成]]></value>
		<value xml:lang="en"><![CDATA[Agree]]></value>
	</item>
	<item name="cmd_disagree">
		<value xml:lang="ko"><![CDATA[반대]]></value>
		<value xml:lang="jp"><![CDATA[反対]]></value>
		<value xml:lang="en"><![CDATA[Disagree]]></value>
	</item>
	<item name="search_my_document">
		<value xml:lang="ko"><![CDATA[내 글]]></value>
		<value xml:lang="jp"><![CDATA[내 글]]></value>
		<value xml:lang="en"><![CDATA[내 글]]></value>
	</item>
	<item name="search_my_comment">
		<value xml:lang="ko"><![CDATA[내 답변]]></value>
		<value xml:lang="jp"><![CDATA[내 답변]]></value>
		<value xml:lang="en"><![CDATA[내 답변]]></value>
	</item>
	<item name="e_recommender_count">
		<value xml:lang="ko"><![CDATA[외 %s명,]]></value>
		<value xml:lang="jp"><![CDATA[외 %s명,]]></value>
		<value xml:lang="en"><![CDATA[외 %s명,]]></value>
	</item>
	<item name="use_wysiwyg">
		<value xml:lang="ko"><![CDATA[위지윅 사용]]></value>
		<value xml:lang="jp"><![CDATA[エディタ使用]]></value>
		<value xml:lang="en"><![CDATA[Use WYSIWYG]]></value>
	</item>
	<item name="new_document">
		<value xml:lang="ko"><![CDATA[새로운 문서를 작성합니다.]]></value>
		<value xml:lang="jp"><![CDATA[새로운 문서를 작성합니다.]]></value>
		<value xml:lang="en"><![CDATA[새로운 문서를 작성합니다.]]></value>
	</item>
	<item name="modify_document">
		<value xml:lang="ko"><![CDATA[이 문서를 수정합니다.]]></value>
		<value xml:lang="jp"><![CDATA[이 문서를 수정합니다.]]></value>
		<value xml:lang="en"><![CDATA[이 문서를 수정합니다.]]></value>
	</item>
	<item name="delete_document">
		<value xml:lang="ko"><![CDATA[이 문서를 삭제합니다.]]></value>
		<value xml:lang="jp"><![CDATA[이 문서를 삭제합니다.]]></value>
		<value xml:lang="en"><![CDATA[이 문서를 삭제합니다.]]></value>
	</item>
	<item name="new_comment">
		<value xml:lang="ko"><![CDATA[새로운 댓글을 작성합니다.]]></value>
		<value xml:lang="jp"><![CDATA[새로운 댓글을 작성합니다.]]></value>
		<value xml:lang="en"><![CDATA[새로운 댓글을 작성합니다.]]></value>
	</item>
	<item name="modify_comment">
		<value xml:lang="ko"><![CDATA[이 댓글을 수정합니다.]]></value>
		<value xml:lang="jp"><![CDATA[이 댓글을 수정합니다.]]></value>
		<value xml:lang="en"><![CDATA[이 댓글을 수정합니다.]]></value>
	</item>
	<item name="delete_comment">
		<value xml:lang="ko"><![CDATA[이 댓글을 삭제합니다.]]></value>
		<value xml:lang="jp"><![CDATA[이 댓글을 삭제합니다.]]></value>
		<value xml:lang="en"><![CDATA[이 댓글을 삭제합니다.]]></value>
	</item>
	<item name="document_write">
		<value xml:lang="ko"><![CDATA[글 쓰기]]></value>
		<value xml:lang="jp"><![CDATA[書き込み]]></value>
		<value xml:lang="en"><![CDATA[Write document]]></value>
	</item>
	<item name="comment_write">
		<value xml:lang="ko"><![CDATA[댓글 쓰기]]></value>
		<value xml:lang="jp"><![CDATA[コメントを書く]]></value>
		<value xml:lang="en"><![CDATA[Write comment]]></value>
	</item>
	<item name="star_column">
		<value xml:lang="ko"><![CDATA[별점]]></value>
		<value xml:lang="jp"><![CDATA[星数]]></value>
		<value xml:lang="en"><![CDATA[Star]]></value>
	</item>
	<item name="short_readed_count">
		<value xml:lang="ko"><![CDATA[조회]]></value>
		<value xml:lang="jp"><![CDATA[閲覧]]></value>
		<value xml:lang="en"><![CDATA[Read]]></value>
	</item>
	<item name="short_voted_count">
		<value xml:lang="ko"><![CDATA[추천]]></value>
		<value xml:lang="jp"><![CDATA[推薦]]></value>
		<value xml:lang="en"><![CDATA[Vote]]></value>
	</item>
	<item name="short_blamed_count">
		<value xml:lang="ko"><![CDATA[비추]]></value>
		<value xml:lang="jp"><![CDATA[非推薦]]></value>
		<value xml:lang="en"><![CDATA[Blame]]></value>
	</item>
	<item name="cmd_like">
		<value xml:lang="ko"><![CDATA[좋아요]]></value>
		<value xml:lang="jp"><![CDATA[좋아요]]></value>
		<value xml:lang="en"><![CDATA[좋아요]]></value>
	</item>
	<item name="cmd_dislike">
		<value xml:lang="ko"><![CDATA[싫어요]]></value>
		<value xml:lang="jp"><![CDATA[싫어요]]></value>
		<value xml:lang="en"><![CDATA[싫어요]]></value>
	</item>
	<item name="short_custom_status">
		<value xml:lang="ko"><![CDATA[상태]]></value>
		<value xml:lang="jp"><![CDATA[状態]]></value>
		<value xml:lang="en"><![CDATA[Status]]></value>
	</item>
	<item name="bonus_pang_pang">
		<value xml:lang="ko"><![CDATA[보너스 : %s포인트]]></value>
		<value xml:lang="jp"><![CDATA[ボーナス : % sポイント]]></value>
		<value xml:lang="en"><![CDATA[Bonus: %spoint]]></value>
	</item>
	<item name="my_point">
		<value xml:lang="ko"><![CDATA[내 포인트: %s]]></value>
		<value xml:lang="jp"><![CDATA[私のポイント: %s]]></value>
		<value xml:lang="en"><![CDATA[My point: %s]]></value>
	</item>
	<item name="adopt_grade">
		<value xml:lang="ko"><![CDATA[견습,초수,중수,고수,영웅,지존,초인,지구신,태양신,우주신,절대신]]></value>
		<value xml:lang="jp"><![CDATA[견습,초수,중수,고수,영웅,지존,초인,지구신,태양신,우주신,절대신]]></value>
		<value xml:lang="en"><![CDATA[견습,초수,중수,고수,영웅,지존,초인,지구신,태양신,우주신,절대신]]></value>
	</item>
	<item name="confirm_download_point">
		<value xml:lang="ko"><![CDATA[이 파일을 다운로드 하시려면 %s 포인트가 사용됩니다.\n계속 하시겠습니까? (단, 한번만 소모)]]></value>
		<value xml:lang="jp"><![CDATA[このファイルをダウンロードするためには %s ポイントが使われます.\n続きますか? (ただし, 一度のみ消耗)]]></value>
		<value xml:lang="en"><![CDATA[downloading this file will use %s points.\n continue? (used point once)]]></value>
	</item>
	<item name="confirm_declare">
		<value xml:lang="ko"><![CDATA[%s에게 이유를 설명해주십시오.]]></value>
		<value xml:lang="jp"><![CDATA[Please describe the reasons to %s.]]></value>
		<value xml:lang="en"><![CDATA[Please describe the reasons to %s.]]></value>
	</item>
	<item name="about_use_point">
		<value xml:lang="ko"><![CDATA[내 포인트를 걸고 사용자에게 포인트의 %s씩 받을 수 있습니다.]]></value>
		<value xml:lang="jp"><![CDATA[私のポイントをかけて使用者にポイントの %sづつ貰うことができます.]]></value>
		<value xml:lang="en"><![CDATA[use your points to get user's %s points.]]></value>
	</item>
	<item name="about_use_adopt">
		<value xml:lang="ko"><![CDATA[사용된 포인트는 채택시에 %s를 돌려 받을 수 있습니다. 꼭! 채택해 주세요.]]></value>
		<value xml:lang="jp"><![CDATA[사용된 포인트는 채택시에 %s를 돌려 받을 수 있습니다. 꼭! 채택해 주세요.]]></value>
		<value xml:lang="en"><![CDATA[사용된 포인트는 채택시에 %s를 돌려 받을 수 있습니다. 꼭! 채택해 주세요.]]></value>
	</item>
	<item name="about_author_adopt_info">
		<value xml:lang="ko"><![CDATA[이 문서의 작성자인 <strong>%s</strong>님의 답변 채택율은 <strong>%s</strong>입니다.<br />채택된 답변의 작성자는 보증금을 제외한 <strong>%s</strong>포인트를 받을 수 있습니다.]]></value>
		<value xml:lang="jp"><![CDATA[이 문서의 작성자인 <strong>%s</strong>님의 답변 채택율은 <strong>%s</strong>입니다.<br />채택된 답변의 작성자는 보증금을 제외한 <strong>%s</strong>포인트를 받을 수 있습니다.]]></value>
		<value xml:lang="en"><![CDATA[이 문서의 작성자인 <strong>%s</strong>님의 답변 채택율은 <strong>%s</strong>입니다.<br />채택된 답변의 작성자는 보증금을 제외한 <strong>%s</strong>포인트를 받을 수 있습니다.]]></value>
	</item>
	<item name="extra_toggle">
		<value xml:lang="ko"><![CDATA[추가 입력항목 보기]]></value>
		<value xml:lang="jp"><![CDATA[追加入力項目表示]]></value>
		<value xml:lang="en"><![CDATA[View extra items]]></value>
	</item>
	<item name="nav_caption">
		<value xml:lang="ko"><![CDATA["%s" 카테고리의 다른 글]]></value>
		<value xml:lang="jp"><![CDATA["%s" カテゴリーの他の文書]]></value>
		<value xml:lang="en"><![CDATA["%s" 카테고리의 다른 글]]></value>
	</item>
</lang>