<query id="getDaily" action="select">
    <tables>
        <table name="stats" />
    </tables>
    <columns>
        <column name="*" />
    </columns>
    <conditions>
        <condition operation="equal" column="site_srl" var="site_srl" pipe="and" />
        <condition operation="in" column="type" var="type" pipe="and" />
        <condition operation="equal" column="depth" var="depth" pipe="and" />

        <condition operation="more" column="insert_time" var="from" pipe="and"  />
        <condition operation="less" column="insert_time" var="to" pipe="and"  />
    </conditions>
    <navigation>
        <index var="order" default="insert_time" order="asc" /> 
    </navigation>
</query>
