<query id="getLog" action="select">
    <tables>
        <table name="stats_log" />
    </tables>
    <columns>
        <column name="*" />
    </columns>
    <conditions>
        <condition operation="equal" column="site_srl" var="site_srl" pipe="and" />
        <condition operation="equal" column="module_srl" var="module_srl" pipe="and" />
        <condition operation="equal" column="document_srl" var="document_srl" pipe="and"  />
        <condition operation="equal" column="user_session_id" var="user_session_id" pipe="and"  />
        <condition operation="equal" column="user_referer" var="user_referer" pipe="and"  />

        <condition operation="more" column="insert_time" var="from" pipe="and"  />
        <condition operation="less" column="insert_time" var="to" pipe="and"  />
    </conditions>
</query>
