<query id="update" action="update">
    <tables>
        <table name="stats" />
    </tables>
    <columns>
        <column name="count" var="count" default="plus(1)" />
        <column name="bot_count" var="bot_count" />
        <column name="mobile_count" var="mobile_count" />
    </columns>
    <conditions>
        <condition operation="equal" column="site_srl" var="site_srl" pipe="and" />
        <condition operation="equal" column="type" var="type" pipe="and" />
        <condition operation="equal" column="value" var="value" pipe="and" />
        <condition operation="equal" column="insert_time" var="insert_time" pipe="and"  />
    </conditions>
</query>
