<query id="updateReferer" action="update">
    <tables>
        <table name="stats_referer" />
    </tables>
    <columns>
        <column name="count" var="count" default="plus(1)" />
    </columns>
    <conditions>
        <condition operation="equal" column="site_srl" var="site_srl" pipe="and" />
        <condition operation="equal" column="referer" var="referer" pipe="and" />
        <condition operation="equal" column="insert_time" var="insert_time" pipe="and"  />
    </conditions>
</query>
