<?xml version="1.0" encoding="UTF-8"?>
<module version="0.2">
	<title xml:lang="ko">알림센터 Lite</title>
	<title xml:lang="en">Notification Center Lite</title>
	<description xml:lang="ko">사이트 사용자간의 커뮤니케이션에 대한 정보를 알려주는 모듈입니다.</description>
	<description xml:lang="en">This module notify users of information about new documents, comments and/or messages that call them. This module will enhance communication beween site users.</description>
	<version>3.0.3</version>
	<date>2016-09-06</date>
	<category>content</category>
	<author link="http://github.com/xe-public">
		<name xml:lang="ko">XE Public</name>
		<name xml:lang="en">XE Public</name>
	</author>
</module>
